Id,SleepDay,TotalSleepRecords,TotalMinutesAsleep,TotalTimeInBed,Calories,TotalSteps,TotalDistance,,,,,,,,,,,
1503960366,4/12/2016,1,327,346,1985,13162,8.50,,,Number of Blanck values,Number unique values,,,TotalMinutesAsleep,TotalTimeInBed,Calories,TotalSteps,TotalDistance
1503960366,4/13/2016,2,384,407,1797,10735,6.97,,,0,24,,Mean,419.5,458.6,2397.6,8541.1,6.0
1503960366,4/15/2016,1,412,442,1745,9762,6.28,,,,,,Min,58,61,257,17,0.01
1503960366,4/16/2016,2,340,367,1863,12669,8.16,,,,,,Max,796,961,4900,22770,17.54
1503960366,4/17/2016,1,700,712,1728,9705,6.48,,,,,,,,,,,
1503960366,4/19/2016,1,304,320,2035,15506,9.88,,,,,,,,,,,
1503960366,4/20/2016,1,360,377,1786,10544,6.68,,,,,,,,,,,
1503960366,4/21/2016,1,325,364,1775,9819,6.34,,,,,,,,,,,
1503960366,4/23/2016,1,361,384,1949,14371,9.04,,,,,,,,,,,
1503960366,4/24/2016,1,430,449,1788,10039,6.41,,,,,,,,,,,
1503960366,4/25/2016,1,277,323,2013,15355,9.80,,,,,,,,,,,
1503960366,4/26/2016,1,245,274,1970,13755,8.79,,,,,,,,,,,
1503960366,4/28/2016,1,366,393,1898,13154,8.53,,,,,,,,,,,
1503960366,4/29/2016,1,341,354,1837,11181,7.15,,,,,,,,,,,
1503960366,4/30/2016,1,404,425,1947,14673,9.25,,,,,,,,,,,
1503960366,5/1/2016,1,369,396,1820,10602,6.81,,,,,,,,,,,
1503960366,5/2/2016,1,277,309,2004,14727,9.71,,,,,,,,,,,
1503960366,5/3/2016,1,273,296,1990,15103,9.66,,,,,,,,,,,
1503960366,5/5/2016,1,247,264,1959,14070,8.90,,,,,,,,,,,
1503960366,5/6/2016,1,334,367,1896,12159,8.03,,,,,,,,,,,
1503960366,5/7/2016,1,331,349,1821,11992,7.71,,,,,,,,,,,
1503960366,5/8/2016,1,594,611,1740,10060,6.58,,,,,,,,,,,
1503960366,5/9/2016,1,338,342,1819,12022,7.72,,,,,,,,,,,
1503960366,5/10/2016,1,383,403,1859,12207,7.77,,,,,,,,,,,
1503960366,5/11/2016,1,285,306,1783,12770,8.13,,,,,,,,,,,
1644430081,4/29/2016,1,119,127,2498,3176,2.31,,,,,,,,,,,
1644430081,4/30/2016,1,124,142,3846,18213,13.24,,,,,,,,,,,
1644430081,5/2/2016,1,796,961,2580,3758,2.73,,,,,,,,,,,
1644430081,5/8/2016,1,137,154,2987,6724,4.89,,,,,,,,,,,
1844505072,4/15/2016,1,644,961,1725,3844,2.54,,,,,,,,,,,
1844505072,4/30/2016,1,722,961,1763,4014,2.67,,,,,,,,,,,
1844505072,5/1/2016,1,590,961,1541,2573,1.70,,,,,,,,,,,
1927972279,4/12/2016,3,750,775,2220,678,0.47,,,,,,,,,,,
1927972279,4/13/2016,1,398,422,2151,356,0.25,,,,,,,,,,,
1927972279,4/15/2016,2,475,499,2221,980,0.68,,,,,,,,,,,
1927972279,4/26/2016,1,296,315,2638,3761,2.60,,,,,,,,,,,
1927972279,4/28/2016,1,166,178,2351,1675,1.16,,,,,,,,,,,
2026352035,4/12/2016,1,503,546,1459,4414,2.74,,,,,,,,,,,
2026352035,4/13/2016,1,531,565,1521,4993,3.10,,,,,,,,,,,
2026352035,4/14/2016,1,545,568,1431,3335,2.07,,,,,,,,,,,
2026352035,4/15/2016,1,523,573,1444,3821,2.37,,,,,,,,,,,
2026352035,4/16/2016,1,524,567,1373,2547,1.58,,,,,,,,,,,
2026352035,4/17/2016,1,437,498,1214,838,0.52,,,,,,,,,,,
2026352035,4/19/2016,1,498,540,1356,2424,1.50,,,,,,,,,,,
2026352035,4/20/2016,1,461,510,1667,7222,4.48,,,,,,,,,,,
2026352035,4/21/2016,1,477,514,1370,2467,1.53,,,,,,,,,,,
2026352035,4/22/2016,1,520,545,1399,2915,1.81,,,,,,,,,,,
2026352035,4/23/2016,1,522,554,1916,12357,7.71,,,,,,,,,,,
2026352035,4/24/2016,1,555,591,1401,3490,2.16,,,,,,,,,,,
2026352035,4/25/2016,1,506,531,1576,6017,3.73,,,,,,,,,,,
2026352035,4/27/2016,1,508,545,1593,6088,3.77,,,,,,,,,,,
2026352035,4/28/2016,1,513,545,1649,6375,3.95,,,,,,,,,,,
2026352035,4/29/2016,1,490,510,1692,7604,4.71,,,,,,,,,,,
2026352035,4/30/2016,1,573,607,1506,4729,2.93,,,,,,,,,,,
2026352035,5/1/2016,1,527,546,1447,3609,2.28,,,,,,,,,,,
2026352035,5/2/2016,1,511,543,1690,7018,4.35,,,,,,,,,,,
2026352035,5/4/2016,1,538,560,1658,6564,4.07,,,,,,,,,,,
2026352035,5/5/2016,1,468,485,1926,12167,7.54,,,,,,,,,,,
2026352035,5/6/2016,1,524,548,1736,8198,5.08,,,,,,,,,,,
2026352035,5/7/2016,1,511,521,1491,4193,2.60,,,,,,,,,,,
2026352035,5/8/2016,1,541,568,1555,5528,3.45,,,,,,,,,,,
2026352035,5/9/2016,1,531,556,1869,10685,6.62,,,,,,,,,,,
2026352035,5/10/2016,1,357,380,1141,254,0.16,,,,,,,,,,,
2026352035,5/11/2016,1,523,553,1698,8580,5.32,,,,,,,,,,,
2026352035,5/12/2016,1,456,485,1364,8891,5.51,,,,,,,,,,,
2320127002,4/23/2016,1,61,69,1804,5079,3.42,,,,,,,,,,,
2347167796,4/13/2016,1,467,531,2038,10352,7.01,,,,,,,,,,,
2347167796,4/14/2016,1,445,489,2010,10129,6.70,,,,,,,,,,,
2347167796,4/15/2016,1,452,504,2133,10465,6.92,,,,,,,,,,,
2347167796,4/17/2016,1,556,602,1882,5472,3.62,,,,,,,,,,,
2347167796,4/18/2016,1,500,557,1944,8247,5.45,,,,,,,,,,,
2347167796,4/19/2016,1,465,514,2346,6711,4.44,,,,,,,,,,,
2347167796,4/21/2016,1,460,484,2048,10080,6.75,,,,,,,,,,,
2347167796,4/22/2016,1,405,461,1946,7804,5.16,,,,,,,,,,,
2347167796,4/23/2016,1,374,386,2629,16901,11.37,,,,,,,,,,,
2347167796,4/24/2016,1,442,459,2187,9471,6.26,,,,,,,,,,,
2347167796,4/25/2016,1,433,471,2095,9482,6.38,,,,,,,,,,,
2347167796,4/26/2016,1,436,490,1861,5980,3.95,,,,,,,,,,,
2347167796,4/27/2016,1,448,499,2194,11423,7.58,,,,,,,,,,,
2347167796,4/28/2016,1,408,450,1854,5439,3.60,,,,,,,,,,,
2347167796,4/29/2016,1,411,473,403,42,0.03,,,,,,,,,,,
3977333714,4/12/2016,1,274,469,1450,8856,5.98,,,,,,,,,,,
3977333714,4/13/2016,2,295,456,1495,10035,6.71,,,,,,,,,,,
3977333714,4/14/2016,1,291,397,1433,7641,5.11,,,,,,,,,,,
3977333714,4/15/2016,1,424,556,1468,9010,6.06,,,,,,,,,,,
3977333714,4/16/2016,1,283,510,1625,13459,9.00,,,,,,,,,,,
3977333714,4/17/2016,1,381,566,1529,10415,6.97,,,,,,,,,,,
3977333714,4/18/2016,2,412,522,1584,11663,7.80,,,,,,,,,,,
3977333714,4/19/2016,1,219,395,1638,12414,8.78,,,,,,,,,,,
3977333714,4/20/2016,2,152,305,1554,11658,7.83,,,,,,,,,,,
3977333714,4/21/2016,1,332,512,1397,6093,4.08,,,,,,,,,,,
3977333714,4/22/2016,1,355,476,1481,8911,5.96,,,,,,,,,,,
3977333714,4/23/2016,1,235,372,1638,12058,8.07,,,,,,,,,,,
3977333714,4/24/2016,1,310,526,1655,14112,10.00,,,,,,,,,,,
3977333714,4/25/2016,1,262,467,1570,11177,8.48,,,,,,,,,,,
3977333714,4/26/2016,1,250,371,1551,11388,7.62,,,,,,,,,,,
3977333714,4/27/2016,1,349,540,1377,7193,5.04,,,,,,,,,,,
3977333714,4/28/2016,1,261,423,1407,7114,4.88,,,,,,,,,,,
3977333714,4/29/2016,1,333,478,1545,10645,7.75,,,,,,,,,,,
3977333714,4/30/2016,1,237,382,1650,13238,9.20,,,,,,,,,,,
3977333714,5/1/2016,1,383,626,1501,10414,7.07,,,,,,,,,,,
3977333714,5/2/2016,1,230,384,1760,16520,11.05,,,,,,,,,,,
3977333714,5/3/2016,1,292,500,1710,14335,9.59,,,,,,,,,,,
3977333714,5/4/2016,1,213,336,1628,13559,9.44,,,,,,,,,,,
3977333714,5/5/2016,1,318,480,1618,12312,8.58,,,,,,,,,,,
3977333714,5/6/2016,1,323,512,1590,11677,8.28,,,,,,,,,,,
3977333714,5/7/2016,1,237,443,1574,11550,7.73,,,,,,,,,,,
3977333714,5/8/2016,2,259,456,1633,13585,9.09,,,,,,,,,,,
3977333714,5/10/2016,1,312,452,1630,13072,8.78,,,,,,,,,,,
4020332650,4/12/2016,1,501,541,3654,8539,6.12,,,,,,,,,,,
4020332650,4/16/2016,1,77,77,3051,1982,1.42,,,,,,,,,,,
4020332650,5/3/2016,1,322,332,2828,4496,3.22,,,,,,,,,,,
4020332650,5/4/2016,1,478,536,3879,10252,7.35,,,,,,,,,,,
4020332650,5/5/2016,1,226,248,3429,11728,8.43,,,,,,,,,,,
4020332650,5/6/2016,1,385,408,2704,4369,3.13,,,,,,,,,,,
4020332650,5/8/2016,1,364,402,3089,5862,4.20,,,,,,,,,,,
4020332650,5/10/2016,1,442,494,2926,5546,3.98,,,,,,,,,,,
4319703577,4/14/2016,1,535,557,2302,10210,6.88,,,,,,,,,,,
4319703577,4/15/2016,1,465,491,1985,5664,3.80,,,,,,,,,,,
4319703577,4/16/2016,1,506,522,1884,4744,3.18,,,,,,,,,,,
4319703577,4/18/2016,1,515,551,1632,2276,1.55,,,,,,,,,,,
4319703577,4/19/2016,2,461,498,2200,8925,5.99,,,,,,,,,,,
4319703577,4/20/2016,1,523,543,2220,8954,6.01,,,,,,,,,,,
4319703577,4/21/2016,1,59,65,1792,3702,2.48,,,,,,,,,,,
4319703577,4/22/2016,1,533,550,1886,4500,3.02,,,,,,,,,,,
4319703577,4/23/2016,1,692,722,1945,4935,3.31,,,,,,,,,,,
4319703577,4/24/2016,1,467,501,1880,4081,2.74,,,,,,,,,,,
4319703577,4/25/2016,1,488,506,2314,9259,6.21,,,,,,,,,,,
4319703577,4/26/2016,1,505,516,2236,9899,6.64,,,,,,,,,,,
4319703577,4/27/2016,1,286,307,2324,10780,7.23,,,,,,,,,,,
4319703577,4/28/2016,1,497,522,2367,10817,7.28,,,,,,,,,,,
4319703577,4/29/2016,1,523,546,2175,7990,5.36,,,,,,,,,,,
4319703577,4/30/2016,1,490,516,2092,8221,5.52,,,,,,,,,,,
4319703577,5/1/2016,1,484,500,1593,1251,0.84,,,,,,,,,,,
4319703577,5/2/2016,1,478,506,2270,9261,6.24,,,,,,,,,,,
4319703577,5/3/2016,1,474,512,2235,9648,6.47,,,,,,,,,,,
4319703577,5/6/2016,1,450,491,2266,9524,6.42,,,,,,,,,,,
4319703577,5/7/2016,1,507,530,2158,7937,5.33,,,,,,,,,,,
4319703577,5/8/2016,1,602,638,1792,3672,2.46,,,,,,,,,,,
4319703577,5/9/2016,1,535,565,2345,10378,6.96,,,,,,,,,,,
4319703577,5/10/2016,1,487,517,2260,9487,6.37,,,,,,,,,,,
4319703577,5/11/2016,1,529,558,2232,9129,6.13,,,,,,,,,,,
4319703577,5/12/2016,1,302,321,257,17,0.01,,,,,,,,,,,
4388161847,4/15/2016,1,499,526,3066,8758,6.73,,,,,,,,,,,
4388161847,4/16/2016,2,426,448,3073,6580,5.06,,,,,,,,,,,
4388161847,4/17/2016,2,619,641,2572,4660,3.58,,,,,,,,,,,
4388161847,4/18/2016,1,99,104,3274,11009,9.10,,,,,,,,,,,
4388161847,4/19/2016,1,329,338,3015,10181,7.83,,,,,,,,,,,
4388161847,4/20/2016,1,421,451,3083,10553,8.12,,,,,,,,,,,
4388161847,4/21/2016,1,442,458,3069,10055,7.73,,,,,,,,,,,
4388161847,4/22/2016,1,82,85,3544,12139,9.34,,,,,,,,,,,
4388161847,4/23/2016,1,478,501,3306,13236,10.18,,,,,,,,,,,
4388161847,4/24/2016,3,552,595,2885,10243,7.88,,,,,,,,,,,
4388161847,4/26/2016,1,319,346,2929,9461,7.28,,,,,,,,,,,
4388161847,4/27/2016,1,439,500,3074,11193,8.61,,,,,,,,,,,
4388161847,4/28/2016,1,428,458,2969,10074,7.75,,,,,,,,,,,
4388161847,4/30/2016,2,409,430,3283,12533,9.64,,,,,,,,,,,
4388161847,5/1/2016,1,547,597,2926,10255,7.89,,,,,,,,,,,
4388161847,5/2/2016,2,368,376,3147,10096,8.40,,,,,,,,,,,
4388161847,5/4/2016,1,390,414,3162,12375,9.52,,,,,,,,,,,
4388161847,5/5/2016,1,471,495,2899,9603,7.38,,,,,,,,,,,
4388161847,5/5/2016,1,471,495,2899,9603,7.38,,,,,,,,,,,
4388161847,5/7/2016,1,472,496,4022,22770,17.54,,,,,,,,,,,
4388161847,5/8/2016,2,529,541,3934,17298,14.38,,,,,,,,,,,
4388161847,5/9/2016,1,62,65,3013,10218,7.86,,,,,,,,,,,
4388161847,5/10/2016,1,354,375,3061,10299,7.92,,,,,,,,,,,
4388161847,5/11/2016,1,469,494,2954,10201,7.84,,,,,,,,,,,
4445114986,4/12/2016,2,429,457,2113,3276,2.20,,,,,,,,,,,
4445114986,4/13/2016,2,370,406,2095,2961,1.99,,,,,,,,,,,
4445114986,4/14/2016,1,441,492,2194,3974,2.67,,,,,,,,,,,
4445114986,4/15/2016,2,337,379,2496,7198,4.83,,,,,,,,,,,
4445114986,4/16/2016,1,462,499,2180,3945,2.65,,,,,,,,,,,
4445114986,4/17/2016,1,98,107,1933,2268,1.52,,,,,,,,,,,
4445114986,4/19/2016,2,388,424,1954,2064,1.39,,,,,,,,,,,
4445114986,4/20/2016,1,439,462,1974,2072,1.39,,,,,,,,,,,
4445114986,4/21/2016,1,436,469,2150,3809,2.56,,,,,,,,,,,
4445114986,4/22/2016,1,388,417,2432,6831,4.58,,,,,,,,,,,
4445114986,4/25/2016,1,328,345,2070,3385,2.27,,,,,,,,,,,
4445114986,4/26/2016,2,353,391,2291,6326,4.41,,,,,,,,,,,
4445114986,4/27/2016,1,332,374,2361,7243,5.03,,,,,,,,,,,
4445114986,4/28/2016,1,419,442,2203,4493,3.01,,,,,,,,,,,
4445114986,4/29/2016,1,106,108,2196,4676,3.14,,,,,,,,,,,
4445114986,4/30/2016,1,322,353,2363,6222,4.18,,,,,,,,,,,
4445114986,5/1/2016,2,439,459,2246,5232,3.51,,,,,,,,,,,
4445114986,5/2/2016,1,502,542,2336,6910,4.75,,,,,,,,,,,
4445114986,5/3/2016,2,417,450,2421,7502,5.18,,,,,,,,,,,
4445114986,5/4/2016,2,337,363,2070,2923,1.96,,,,,,,,,,,
4445114986,5/5/2016,2,462,513,2120,3800,2.55,,,,,,,,,,,
4445114986,5/6/2016,2,374,402,2211,4514,3.03,,,,,,,,,,,
4445114986,5/7/2016,2,401,436,2123,5183,3.59,,,,,,,,,,,
4445114986,5/8/2016,1,361,391,2423,7303,4.90,,,,,,,,,,,
4445114986,5/9/2016,1,457,533,2281,5275,3.54,,,,,,,,,,,
4445114986,5/10/2016,1,405,426,2181,3915,2.63,,,,,,,,,,,
4445114986,5/11/2016,1,499,530,2499,9105,6.11,,,,,,,,,,,
4445114986,5/12/2016,1,483,501,1212,768,0.52,,,,,,,,,,,
4558609924,4/21/2016,1,126,137,2486,13743,9.08,,,,,,,,,,,
4558609924,4/26/2016,1,103,121,2223,9148,6.05,,,,,,,,,,,
4558609924,4/29/2016,1,171,179,1918,7833,5.18,,,,,,,,,,,
4558609924,5/1/2016,1,115,129,1692,3428,2.27,,,,,,,,,,,
4558609924,5/8/2016,1,123,134,2666,6543,4.33,,,,,,,,,,,
4702921684,4/12/2016,1,425,439,2947,7213,5.88,,,,,,,,,,,
4702921684,4/13/2016,2,400,430,2898,6877,5.58,,,,,,,,,,,
4702921684,4/14/2016,1,384,415,2984,7860,6.37,,,,,,,,,,,
4702921684,4/15/2016,1,253,257,2896,6506,5.28,,,,,,,,,,,
4702921684,4/16/2016,2,382,406,3328,11140,9.03,,,,,,,,,,,
4702921684,4/17/2016,1,591,612,3394,12692,10.29,,,,,,,,,,,
4702921684,4/18/2016,1,293,312,3013,9105,7.38,,,,,,,,,,,
4702921684,4/19/2016,1,457,487,2812,6708,5.44,,,,,,,,,,,
4702921684,4/20/2016,1,454,468,3061,8793,7.13,,,,,,,,,,,
4702921684,4/21/2016,1,425,434,2729,6530,5.30,,,,,,,,,,,
4702921684,4/23/2016,1,465,475,3691,15126,12.27,,,,,,,,,,,
4702921684,4/24/2016,1,480,506,3538,15050,12.22,,,,,,,,,,,
4702921684,4/25/2016,1,370,380,3064,9167,7.43,,,,,,,,,,,
4702921684,4/26/2016,1,421,429,2784,6108,4.95,,,,,,,,,,,
4702921684,4/27/2016,1,432,449,2908,7047,5.72,,,,,,,,,,,
4702921684,4/28/2016,1,442,461,3033,9023,7.32,,,,,,,,,,,
4702921684,4/29/2016,1,433,447,3165,9930,8.05,,,,,,,,,,,
4702921684,4/30/2016,1,479,501,3115,10144,8.23,,,,,,,,,,,
4702921684,5/3/2016,1,327,373,3145,9454,7.67,,,,,,,,,,,
4702921684,5/4/2016,1,412,434,3004,8161,6.62,,,,,,,,,,,
4702921684,5/5/2016,1,414,428,3006,8614,6.99,,,,,,,,,,,
4702921684,5/6/2016,1,404,449,2859,6943,5.63,,,,,,,,,,,
4702921684,5/7/2016,1,520,543,3683,14370,11.65,,,,,,,,,,,
4702921684,5/7/2016,1,520,543,3683,14370,11.65,,,,,,,,,,,
4702921684,5/9/2016,1,435,458,2990,8232,6.68,,,,,,,,,,,
4702921684,5/10/2016,1,416,431,3172,10613,8.61,,,,,,,,,,,
4702921684,5/11/2016,1,354,366,3069,9810,7.96,,,,,,,,,,,
4702921684,5/12/2016,1,404,442,1240,2752,2.23,,,,,,,,,,,
5553957443,4/12/2016,1,441,464,2026,11596,7.57,,,,,,,,,,,
5553957443,4/13/2016,2,455,488,1718,4832,3.16,,,,,,,,,,,
5553957443,4/14/2016,1,357,418,2324,17022,11.12,,,,,,,,,,,
5553957443,4/15/2016,1,377,409,2254,16556,10.86,,,,,,,,,,,
5553957443,4/16/2016,2,651,686,1831,5771,3.77,,,,,,,,,,,
5553957443,4/17/2016,1,350,402,1397,655,0.43,,,,,,,,,,,
5553957443,4/18/2016,2,520,541,1683,3727,2.43,,,,,,,,,,,
5553957443,4/19/2016,1,357,410,2284,15482,10.11,,,,,,,,,,,
5553957443,4/20/2016,1,658,678,1570,2713,1.77,,,,,,,,,,,
5553957443,4/21/2016,1,399,431,2066,12346,8.06,,,,,,,,,,,
5553957443,4/22/2016,1,322,353,2105,11682,7.63,,,,,,,,,,,
5553957443,4/23/2016,2,631,725,1776,4112,2.69,,,,,,,,,,,
5553957443,4/24/2016,2,553,640,1507,1807,1.18,,,,,,,,,,,
5553957443,4/25/2016,1,433,468,2033,10946,7.19,,,,,,,,,,,
5553957443,4/26/2016,1,412,453,2093,11886,7.76,,,,,,,,,,,
5553957443,4/27/2016,1,347,391,1922,10538,6.88,,,,,,,,,,,
5553957443,4/28/2016,1,421,457,1999,11393,7.63,,,,,,,,,,,
5553957443,4/29/2016,1,450,495,2169,12764,8.33,,,,,,,,,,,
5553957443,4/30/2016,2,775,843,1463,1202,0.78,,,,,,,,,,,
5553957443,5/1/2016,2,622,686,1747,5164,3.37,,,,,,,,,,,
5553957443,5/2/2016,1,409,471,1996,9769,6.38,,,,,,,,,,,
5553957443,5/3/2016,1,380,429,2116,12848,8.39,,,,,,,,,,,
5553957443,5/4/2016,1,447,470,1698,4249,2.77,,,,,,,,,,,
5553957443,5/5/2016,1,419,464,2156,14331,9.51,,,,,,,,,,,
5553957443,5/6/2016,1,400,434,1916,9632,6.29,,,,,,,,,,,
5553957443,5/7/2016,1,442,470,1494,1868,1.22,,,,,,,,,,,
5553957443,5/8/2016,1,568,608,1762,6083,4.00,,,,,,,,,,,
5553957443,5/9/2016,1,453,494,2272,11611,7.58,,,,,,,,,,,
5553957443,5/10/2016,1,418,443,2335,16358,10.71,,,,,,,,,,,
5553957443,5/11/2016,1,463,486,1693,4926,3.22,,,,,,,,,,,
5553957443,5/12/2016,1,438,475,741,3121,2.04,,,,,,,,,,,
5577150313,4/12/2016,1,419,438,3405,8135,6.08,,,,,,,,,,,
5577150313,4/13/2016,1,432,458,2551,5077,3.79,,,,,,,,,,,
5577150313,4/14/2016,1,477,497,4022,8596,6.42,,,,,,,,,,,
5577150313,4/15/2016,1,392,413,4005,12087,9.08,,,,,,,,,,,
5577150313,4/16/2016,1,406,445,4274,14269,10.66,,,,,,,,,,,
5577150313,4/17/2016,1,549,583,4552,12231,9.14,,,,,,,,,,,
5577150313,4/18/2016,1,527,553,3625,9893,7.39,,,,,,,,,,,
5577150313,4/19/2016,1,449,465,3501,12574,9.42,,,,,,,,,,,
5577150313,4/20/2016,1,447,480,3192,8330,6.22,,,,,,,,,,,
5577150313,4/21/2016,1,414,437,4018,10830,8.09,,,,,,,,,,,
5577150313,4/22/2016,1,338,366,3329,9172,6.85,,,,,,,,,,,
5577150313,4/23/2016,1,384,402,3152,7638,5.71,,,,,,,,,,,
5577150313,4/24/2016,1,543,615,4392,15764,11.78,,,,,,,,,,,
5577150313,4/25/2016,1,421,461,3374,6393,4.78,,,,,,,,,,,
5577150313,4/26/2016,1,354,377,3088,5325,3.98,,,,,,,,,,,
5577150313,4/27/2016,1,424,452,3294,6805,5.14,,,,,,,,,,,
5577150313,4/28/2016,1,361,372,3580,9841,7.43,,,,,,,,,,,
5577150313,4/29/2016,1,459,485,3544,7924,5.92,,,,,,,,,,,
5577150313,4/30/2016,1,412,433,4501,12363,9.24,,,,,,,,,,,
5577150313,5/1/2016,1,379,398,4546,13368,9.99,,,,,,,,,,,
5577150313,5/2/2016,2,525,553,3014,7439,5.56,,,,,,,,,,,
5577150313,5/3/2016,1,508,543,3795,11045,8.25,,,,,,,,,,,
5577150313,5/4/2016,1,603,634,2755,5206,3.89,,,,,,,,,,,
5577150313,5/5/2016,1,74,78,3004,7550,5.64,,,,,,,,,,,
5577150313,5/10/2016,1,504,562,3841,8869,6.65,,,,,,,,,,,
5577150313,5/11/2016,1,431,476,1665,4038,3.04,,,,,,,,,,,
6117666160,4/16/2016,1,380,398,2828,14450,10.91,,,,,,,,,,,
6117666160,4/17/2016,2,336,350,2225,7150,5.40,,,,,,,,,,,
6117666160,4/18/2016,2,493,510,2018,5153,3.91,,,,,,,,,,,
6117666160,4/19/2016,1,465,492,2606,11135,8.41,,,,,,,,,,,
6117666160,4/20/2016,1,474,502,2536,10449,8.02,,,,,,,,,,,
6117666160,4/21/2016,1,508,550,4900,19542,15.01,,,,,,,,,,,
6117666160,4/22/2016,1,480,546,2409,8206,6.20,,,,,,,,,,,
6117666160,4/23/2016,1,492,539,2651,11495,8.68,,,,,,,,,,,
6117666160,4/24/2016,1,353,367,2305,7623,5.76,,,,,,,,,,,
6117666160,4/27/2016,1,542,557,2576,9411,7.11,,,,,,,,,,,
6117666160,4/28/2016,1,393,416,1879,3403,2.60,,,,,,,,,,,
6117666160,4/29/2016,1,600,636,2560,9592,7.24,,,,,,,,,,,
6117666160,5/1/2016,1,507,575,2361,8915,6.73,,,,,,,,,,,
6117666160,5/5/2016,1,392,415,2636,9799,7.40,,,,,,,,,,,
6117666160,5/6/2016,2,658,698,1838,3365,2.68,,,,,,,,,,,
6117666160,5/7/2016,2,498,507,2469,7336,5.54,,,,,,,,,,,
6117666160,5/8/2016,1,555,603,2250,7328,5.53,,,,,,,,,,,
6117666160,5/9/2016,1,492,522,1248,4477,3.38,,,,,,,,,,,
6775888955,4/13/2016,1,235,260,2400,4053,2.91,,,,,,,,,,,
6775888955,4/14/2016,1,423,441,2507,5162,3.70,,,,,,,,,,,
6775888955,4/15/2016,1,391,406,2127,1282,0.92,,,,,,,,,,,
6962181067,4/12/2016,1,366,387,1994,10199,6.74,,,,,,,,,,,
6962181067,4/13/2016,3,630,679,1718,5652,3.74,,,,,,,,,,,
6962181067,4/14/2016,2,508,535,1466,1551,1.03,,,,,,,,,,,
6962181067,4/15/2016,1,370,386,1756,5563,3.68,,,,,,,,,,,
6962181067,4/16/2016,1,357,366,2173,13217,8.74,,,,,,,,,,,
6962181067,4/17/2016,1,427,446,2027,10145,6.71,,,,,,,,,,,
6962181067,4/18/2016,1,442,458,2039,11404,7.54,,,,,,,,,,,
6962181067,4/19/2016,1,476,535,2046,10742,7.10,,,,,,,,,,,
6962181067,4/20/2016,1,418,424,2174,13928,9.55,,,,,,,,,,,
6962181067,4/21/2016,1,451,457,2179,11835,9.71,,,,,,,,,,,
6962181067,4/22/2016,1,425,435,2086,10725,7.09,,,,,,,,,,,
6962181067,4/23/2016,1,528,546,2571,20031,13.24,,,,,,,,,,,
6962181067,4/24/2016,1,511,514,1705,5029,3.32,,,,,,,,,,,
6962181067,4/25/2016,1,400,415,2194,13239,9.27,,,,,,,,,,,
6962181067,4/26/2016,1,441,446,2012,10433,6.90,,,,,,,,,,,
6962181067,4/27/2016,1,455,467,2034,10320,6.82,,,,,,,,,,,
6962181067,4/28/2016,1,440,453,2182,12627,8.35,,,,,,,,,,,
6962181067,4/29/2016,1,433,447,2254,10762,7.11,,,,,,,,,,,
6962181067,4/30/2016,1,422,424,2002,10081,6.66,,,,,,,,,,,
6962181067,5/1/2016,1,411,426,1740,5454,3.61,,,,,,,,,,,
6962181067,5/2/2016,1,466,482,2162,12912,8.54,,,,,,,,,,,
6962181067,5/3/2016,1,394,418,2072,12109,8.12,,,,,,,,,,,
6962181067,5/4/2016,1,442,455,2086,10147,6.71,,,,,,,,,,,
6962181067,5/5/2016,1,467,491,2066,10524,6.96,,,,,,,,,,,
6962181067,5/6/2016,1,443,462,1850,5908,3.91,,,,,,,,,,,
6962181067,5/7/2016,1,298,334,1947,6815,4.50,,,,,,,,,,,
6962181067,5/8/2016,1,541,569,1659,4188,2.77,,,,,,,,,,,
6962181067,5/9/2016,1,489,497,2105,12342,8.72,,,,,,,,,,,
6962181067,5/10/2016,1,469,481,2361,15448,10.21,,,,,,,,,,,
6962181067,5/11/2016,1,452,480,1855,6722,4.44,,,,,,,,,,,
6962181067,5/12/2016,1,516,535,928,3587,2.37,,,,,,,,,,,
7007744171,4/16/2016,1,79,82,2076,4631,3.10,,,,,,,,,,,
7007744171,5/1/2016,1,58,61,2225,5600,3.75,,,,,,,,,,,
7086361926,4/12/2016,1,514,525,2772,11317,8.41,,,,,,,,,,,
7086361926,4/13/2016,1,451,465,2516,5813,3.62,,,,,,,,,,,
7086361926,4/14/2016,1,472,476,2734,9123,6.12,,,,,,,,,,,
7086361926,4/15/2016,1,377,386,2395,8585,5.67,,,,,,,,,,,
7086361926,4/19/2016,1,472,483,2944,10688,7.29,,,,,,,,,,,
7086361926,4/20/2016,1,492,502,2997,14365,10.64,,,,,,,,,,,
7086361926,4/21/2016,1,390,411,2463,9469,6.18,,,,,,,,,,,
7086361926,4/22/2016,1,428,448,2846,9753,6.53,,,,,,,,,,,
7086361926,4/24/2016,1,681,704,2049,3520,2.16,,,,,,,,,,,
7086361926,4/25/2016,1,446,447,2752,10091,6.82,,,,,,,,,,,
7086361926,4/26/2016,1,485,500,2781,10387,7.07,,,,,,,,,,,
7086361926,4/27/2016,1,469,479,2693,11107,8.34,,,,,,,,,,,
7086361926,4/28/2016,1,354,367,2862,11584,7.80,,,,,,,,,,,
7086361926,4/30/2016,1,485,489,2995,14560,9.41,,,,,,,,,,,
7086361926,5/1/2016,1,388,407,2730,12390,8.07,,,,,,,,,,,
7086361926,5/2/2016,1,440,459,2754,10052,6.81,,,,,,,,,,,
7086361926,5/3/2016,1,456,461,2754,10288,6.76,,,,,,,,,,,
7086361926,5/4/2016,1,420,436,2655,10988,8.31,,,,,,,,,,,
7086361926,5/6/2016,1,322,333,2924,12461,8.38,,,,,,,,,,,
7086361926,5/7/2016,1,530,548,2739,12827,8.48,,,,,,,,,,,
7086361926,5/8/2016,1,481,510,2534,10677,7.10,,,,,,,,,,,
7086361926,5/9/2016,1,427,438,2960,13566,9.11,,,,,,,,,,,
7086361926,5/11/2016,1,451,463,2735,9572,6.52,,,,,,,,,,,
7086361926,5/12/2016,1,444,457,1199,3789,2.56,,,,,,,,,,,
8053475328,4/20/2016,1,486,493,3043,15108,12.19,,,,,,,,,,,
8053475328,4/23/2016,1,331,337,3554,22359,17.19,,,,,,,,,,,
8053475328,5/7/2016,1,74,75,3331,19769,15.67,,,,,,,,,,,
8378563200,4/12/2016,1,338,356,3635,7626,6.05,,,,,,,,,,,
8378563200,4/13/2016,2,447,487,4079,12386,9.82,,,,,,,,,,,
8378563200,4/14/2016,1,424,455,4163,13318,10.56,,,,,,,,,,,
8378563200,4/15/2016,1,513,533,3666,14461,11.47,,,,,,,,,,,
8378563200,4/16/2016,2,611,689,3363,11207,8.89,,,,,,,,,,,
8378563200,4/17/2016,2,525,591,2572,2132,1.69,,,,,,,,,,,
8378563200,4/18/2016,1,398,451,4157,13630,10.81,,,,,,,,,,,
8378563200,4/19/2016,1,387,421,4092,13070,10.36,,,,,,,,,,,
8378563200,4/20/2016,1,381,409,3787,9388,7.44,,,,,,,,,,,
8378563200,4/21/2016,1,396,417,4236,15148,12.01,,,,,,,,,,,
8378563200,4/22/2016,1,441,469,4044,12200,9.67,,,,,,,,,,,
8378563200,4/23/2016,1,565,591,2908,5709,4.53,,,,,,,,,,,
8378563200,4/24/2016,1,458,492,2741,3703,2.94,,,,,,,,,,,
8378563200,4/25/2016,1,388,402,4005,12405,9.84,,,,,,,,,,,
8378563200,4/25/2016,1,388,402,4005,12405,9.84,,,,,,,,,,,
8378563200,4/26/2016,1,550,584,3763,16208,12.85,,,,,,,,,,,
8378563200,4/27/2016,1,531,600,3061,7359,5.84,,,,,,,,,,,
8378563200,4/28/2016,1,506,556,2884,5417,4.30,,,,,,,,,,,
8378563200,4/29/2016,1,527,562,2982,6175,4.90,,,,,,,,,,,
8378563200,4/30/2016,1,468,555,2660,2946,2.34,,,,,,,,,,,
8378563200,5/1/2016,1,475,539,3369,11419,9.06,,,,,,,,,,,
8378563200,5/2/2016,1,351,385,3491,6064,4.81,,,,,,,,,,,
8378563200,5/3/2016,1,405,429,3784,8712,6.91,,,,,,,,,,,
8378563200,5/4/2016,1,441,477,3110,7875,6.24,,,,,,,,,,,
8378563200,5/5/2016,1,381,417,3783,8567,6.79,,,,,,,,,,,
8378563200,5/6/2016,1,323,355,3644,7045,5.59,,,,,,,,,,,
8378563200,5/7/2016,2,459,513,2799,4468,3.54,,,,,,,,,,,
8378563200,5/8/2016,1,545,606,2685,2943,2.33,,,,,,,,,,,
8378563200,5/9/2016,1,359,399,3721,8382,6.65,,,,,,,,,,,
8378563200,5/10/2016,1,342,391,3586,6582,5.22,,,,,,,,,,,
8378563200,5/11/2016,1,368,387,3788,9143,7.25,,,,,,,,,,,
8378563200,5/12/2016,1,496,546,1976,4561,3.62,,,,,,,,,,,
8792009665,4/12/2016,1,458,493,2044,2564,1.64,,,,,,,,,,,
8792009665,4/13/2016,1,531,552,1934,1320,0.84,,,,,,,,,,,
8792009665,4/14/2016,1,486,503,1963,1219,0.78,,,,,,,,,,,
8792009665,4/15/2016,1,363,377,2009,2483,1.59,,,,,,,,,,,
8792009665,4/20/2016,1,528,547,2188,3147,2.01,,,,,,,,,,,
8792009665,4/22/2016,1,391,407,2419,4068,2.60,,,,,,,,,,,
8792009665,4/23/2016,1,339,360,2748,5245,3.36,,,,,,,,,,,
8792009665,4/27/2016,1,423,428,2067,1758,1.13,,,,,,,,,,,
8792009665,4/28/2016,1,402,416,2780,6157,3.94,,,,,,,,,,,
8792009665,4/29/2016,1,398,406,3101,8360,5.35,,,,,,,,,,,
8792009665,4/30/2016,1,343,360,2896,7174,4.59,,,,,,,,,,,
8792009665,5/1/2016,1,503,527,1962,1619,1.04,,,,,,,,,,,
8792009665,5/2/2016,1,415,423,2015,1831,1.17,,,,,,,,,,,
8792009665,5/3/2016,1,516,545,2297,2421,1.55,,,,,,,,,,,
8792009665,5/4/2016,1,439,463,2067,2283,1.46,,,,,,,,,,,
